"","Spartina","Weisman","Dumas"
"1",1,NA,NA
"2",1,NA,NA
"3",1,NA,NA
"4",1,NA,NA
"5",1,NA,NA
"6",1,NA,NA
"7",1,NA,NA
"8",1,NA,NA
"9",1,NA,NA
"10",1,NA,NA
"11",1,NA,NA
"12",1,NA,NA
"13",1,NA,NA
"14",1,NA,NA
"15",1,NA,NA
"16",1,NA,NA
"17",1,NA,NA
"18",1,NA,NA
"19",1,NA,NA
"20",1,NA,NA
"21",1,NA,NA
"22",1,NA,NA
"23",1,NA,NA
"24",1,NA,NA
"25",1,NA,NA
"26",1,NA,NA
"27",1,NA,NA
"28",1,1,NA
"29",1,NA,NA
"30",1,NA,NA
"31",1,NA,NA
"32",1,NA,NA
"33",1,NA,NA
"34",1,NA,NA
"35",1,NA,NA
"36",1,1,NA
"37",1,NA,NA
"38",1,NA,NA
"39",1,NA,NA
"40",1,NA,NA
"41",1,NA,NA
"42",1,NA,NA
"43",1,NA,NA
"44",1,NA,NA
"45",1,NA,NA
"46",1,NA,NA
"47",1,NA,NA
"48",1,NA,NA
"49",1,NA,NA
"50",1,NA,NA
"51",1,NA,NA
"52",1,NA,NA
"53",1,1,NA
"54",1,NA,NA
"55",1,NA,NA
"56",1,NA,NA
"57",1,NA,NA
"58",1,NA,NA
"59",1,NA,NA
"60",1,NA,NA
"61",1,NA,NA
"62",1,NA,NA
"63",1,NA,NA
"64",1,NA,NA
"65",1,NA,NA
"66",1,NA,NA
"67",1,NA,NA
"68",1,NA,NA
"69",1,NA,NA
"70",1,1,NA
"71",1,NA,NA
"72",1,NA,NA
"73",1,NA,NA
"74",1,NA,NA
"75",1,NA,NA
"76",1,NA,NA
"77",1,NA,NA
"78",1,NA,NA
"79",1,NA,NA
"80",1,NA,NA
"81",1,1,NA
"82",1,NA,NA
"83",1,NA,NA
"84",1,NA,NA
"85",1,NA,NA
"86",1,NA,NA
"87",1,NA,NA
"88",1,NA,NA
"89",1,NA,NA
"90",1,NA,NA
"91",1,NA,NA
"92",1,NA,NA
"93",1,NA,NA
"94",1,NA,NA
"95",1,NA,NA
"96",1,NA,NA
"97",1,NA,NA
"98",1,NA,NA
"99",1,NA,NA
"100",1,NA,NA
"101",1,NA,NA
"102",1,NA,NA
"103",1,NA,NA
"104",1,NA,NA
"105",1,NA,NA
"106",1,NA,NA
"107",1,NA,NA
"108",1,NA,NA
"109",1,1,NA
"110",1,NA,NA
"111",1,NA,NA
"112",1,NA,NA
"113",1,NA,NA
"114",1,NA,NA
"115",1,NA,NA
"116",1,1,NA
"117",1,NA,NA
"118",1,NA,NA
"119",1,NA,NA
"120",1,NA,NA
"121",1,NA,NA
"122",1,NA,NA
"123",1,NA,NA
"124",1,NA,NA
"125",1,NA,NA
"126",1,NA,NA
"127",1,NA,NA
"128",1,NA,NA
"129",1,NA,NA
"130",1,NA,NA
"131",1,NA,NA
"132",1,NA,NA
"133",1,NA,NA
"134",1,NA,NA
"135",1,NA,NA
"136",1,NA,NA
"137",1,NA,NA
"138",1,NA,NA
"139",1,NA,NA
"140",1,NA,NA
"141",1,NA,NA
"142",1,NA,NA
"143",1,NA,NA
"144",1,NA,NA
"145",1,NA,NA
"146",1,NA,NA
"147",1,NA,NA
"148",1,NA,NA
"149",1,NA,NA
"150",1,NA,NA
"151",1,NA,NA
"152",1,NA,NA
"153",1,NA,NA
"154",1,NA,NA
"155",1,NA,NA
"156",1,NA,NA
"157",1,NA,NA
"158",1,1,NA
"159",1,NA,NA
"160",1,NA,NA
"161",1,NA,NA
"162",1,NA,NA
"163",1,NA,NA
"164",1,NA,NA
"165",1,NA,NA
"166",1,NA,NA
"167",1,NA,NA
"168",1,NA,NA
"169",1,NA,NA
"170",1,NA,NA
"171",1,NA,NA
"172",1,NA,NA
"173",1,NA,NA
"174",1,NA,NA
"175",1,NA,NA
"176",1,NA,NA
"177",1,1,NA
"178",1,NA,NA
"179",1,NA,NA
"180",1,NA,NA
"181",1,NA,NA
"182",1,NA,NA
"183",1,NA,NA
"184",1,1,NA
"185",1,NA,NA
"186",1,NA,NA
"187",1,NA,NA
"188",1,NA,NA
"189",1,NA,NA
"190",1,NA,NA
"191",1,NA,NA
"192",1,NA,NA
"193",1,NA,NA
"194",1,NA,NA
"195",1,NA,NA
"196",1,NA,NA
"197",1,NA,NA
"198",1,NA,NA
"199",1,NA,NA
"200",1,NA,NA
"201",1,NA,NA
"202",1,NA,NA
"203",1,NA,NA
"204",1,NA,NA
"205",1,NA,NA
"206",1,NA,NA
"207",1,NA,NA
"208",1,NA,NA
"209",1,NA,NA
"210",1,NA,NA
"211",1,NA,NA
"212",1,NA,NA
"213",1,NA,NA
"214",1,NA,NA
"215",1,NA,NA
"216",1,NA,NA
"217",1,NA,NA
"218",1,NA,NA
"219",1,NA,NA
"220",1,NA,NA
"221",1,NA,NA
"222",1,NA,NA
"223",1,NA,NA
"224",1,NA,NA
"225",1,NA,NA
"226",1,NA,NA
"227",1,NA,NA
"228",1,NA,NA
"229",1,NA,NA
"230",1,NA,NA
"231",1,NA,NA
"232",1,NA,NA
"233",1,NA,NA
"234",1,NA,NA
"235",1,NA,NA
"236",1,NA,NA
"237",1,NA,NA
"238",1,NA,NA
"239",1,NA,NA
"240",1,NA,NA
"241",1,NA,NA
"242",1,NA,NA
"243",1,NA,NA
"244",1,NA,NA
"245",1,NA,NA
"246",1,NA,NA
"247",1,NA,NA
"248",1,NA,NA
"249",1,NA,NA
"250",1,NA,NA
"251",1,1,NA
"252",1,NA,NA
"253",1,NA,NA
"254",1,NA,NA
"255",1,NA,NA
"256",1,NA,NA
"257",1,NA,NA
"258",1,NA,NA
"259",1,NA,NA
"260",1,1,NA
"261",1,NA,NA
"262",1,NA,NA
"263",1,NA,NA
"264",1,NA,NA
"265",1,NA,NA
"266",1,1,NA
"267",1,NA,NA
"268",1,NA,NA
"269",1,NA,NA
"270",1,NA,NA
"271",1,NA,NA
"272",1,NA,NA
"273",1,NA,NA
"274",1,NA,NA
"275",1,NA,NA
"276",1,NA,NA
"277",1,NA,NA
"278",1,NA,NA
"279",1,NA,NA
"280",1,NA,NA
"281",1,NA,NA
"282",1,NA,NA
"283",1,NA,NA
"284",1,NA,NA
"285",1,NA,NA
"286",1,NA,NA
"287",1,NA,NA
"288",1,NA,NA
"289",1,NA,NA
"290",1,NA,NA
"291",1,NA,NA
"292",1,NA,NA
"293",1,NA,NA
"294",1,NA,NA
"295",1,NA,NA
"296",1,NA,NA
"297",1,NA,NA
"298",1,1,NA
"299",1,NA,NA
"300",1,1,NA
"301",1,NA,NA
"302",1,NA,NA
"303",1,1,NA
"304",1,1,NA
"305",1,NA,NA
"306",1,NA,NA
"307",1,NA,NA
"308",1,NA,NA
"309",1,NA,NA
"310",1,NA,NA
"311",1,NA,NA
"312",1,NA,NA
"313",1,NA,NA
"314",1,NA,NA
"315",1,NA,NA
"316",1,NA,NA
"317",1,NA,NA
"318",1,NA,NA
"319",1,NA,NA
"320",1,NA,NA
"321",1,NA,NA
"322",1,NA,NA
"323",1,NA,NA
"324",1,NA,NA
"325",1,NA,NA
"326",1,NA,NA
"327",1,NA,NA
"328",1,NA,NA
"329",1,NA,NA
"330",1,NA,NA
"331",1,NA,NA
"332",1,NA,NA
"333",1,NA,NA
"334",1,NA,NA
"335",1,NA,NA
"336",1,1,NA
"337",1,NA,NA
"338",1,NA,NA
"339",1,NA,NA
"340",1,NA,NA
"341",1,NA,NA
"342",1,NA,NA
"343",1,NA,NA
"344",1,NA,NA
"345",1,NA,NA
"346",1,NA,NA
"347",1,NA,NA
"348",1,NA,NA
"349",1,NA,NA
"350",1,NA,NA
"351",1,1,NA
"352",1,NA,NA
"353",1,NA,NA
"354",1,1,NA
"355",1,NA,NA
"356",1,NA,NA
"357",1,NA,NA
"358",1,NA,NA
"359",1,NA,NA
"360",1,1,NA
"361",1,NA,NA
"362",1,NA,NA
"363",1,NA,NA
"364",1,NA,NA
"365",1,NA,NA
"366",1,NA,NA
"367",1,NA,NA
"368",1,NA,NA
"369",1,NA,NA
"370",1,NA,NA
"371",1,NA,NA
"372",1,NA,NA
"373",1,NA,NA
"374",1,NA,NA
"375",1,NA,NA
"376",1,NA,NA
"377",1,NA,NA
"378",1,NA,NA
"379",1,NA,NA
"380",1,1,NA
"381",1,NA,NA
"382",1,NA,NA
"383",1,NA,NA
"384",1,NA,NA
"385",1,NA,NA
"386",1,NA,1
"387",1,NA,NA
"388",1,NA,NA
"389",1,NA,NA
"390",1,NA,NA
"391",1,NA,NA
"392",1,1,NA
"393",1,NA,NA
"394",1,NA,NA
"395",1,NA,NA
"396",1,NA,NA
"397",1,1,NA
"398",1,1,NA
"399",1,NA,NA
"400",1,NA,NA
"401",1,NA,NA
"402",1,1,NA
"403",1,NA,NA
"404",1,NA,NA
"405",1,NA,NA
"406",1,NA,NA
"407",1,NA,NA
"408",1,NA,NA
"409",1,NA,NA
"410",1,NA,NA
"411",1,NA,NA
"412",1,1,NA
"413",1,NA,NA
"414",1,NA,NA
"415",1,NA,NA
"416",1,NA,NA
"417",1,NA,NA
"418",1,NA,NA
"419",1,1,NA
"420",1,NA,NA
"421",1,NA,NA
"422",1,NA,NA
"423",1,NA,NA
"424",1,NA,NA
"425",1,NA,NA
"426",1,NA,NA
"427",1,NA,NA
"428",1,NA,NA
"429",1,NA,NA
"430",1,NA,NA
"431",1,NA,NA
"432",1,1,NA
"433",1,NA,NA
"434",1,NA,NA
"435",1,NA,NA
"436",1,NA,NA
"437",1,NA,NA
"438",1,NA,NA
"439",1,NA,NA
"440",1,NA,NA
"441",1,NA,NA
"442",1,NA,NA
"443",1,NA,NA
"444",1,NA,NA
"445",1,NA,NA
"446",1,NA,NA
"447",1,1,NA
"448",1,1,NA
"449",1,NA,NA
"450",1,NA,NA
"451",1,NA,NA
"452",1,NA,NA
"453",1,NA,NA
"454",1,NA,NA
"455",1,NA,NA
"456",1,NA,NA
"457",1,NA,NA
"458",1,NA,NA
"459",1,1,NA
"460",1,NA,NA
"461",1,NA,NA
"462",1,NA,NA
"463",1,NA,NA
"464",1,NA,NA
"465",1,NA,NA
"466",1,NA,NA
"467",1,1,NA
"468",1,NA,NA
"469",1,1,NA
"470",1,NA,NA
"471",1,NA,NA
"472",1,NA,NA
"473",1,NA,NA
"474",1,NA,NA
"475",1,NA,NA
"476",1,NA,NA
"477",1,NA,NA
"478",1,NA,NA
"479",1,NA,NA
"480",1,NA,NA
"481",1,NA,NA
"482",1,NA,NA
"483",1,NA,NA
"484",1,1,NA
"485",1,NA,NA
"486",1,NA,NA
"487",1,NA,NA
"488",1,NA,NA
"489",1,NA,NA
"490",1,NA,NA
"491",1,NA,NA
"492",1,NA,NA
"493",1,NA,NA
"494",1,NA,NA
"495",1,NA,NA
"496",1,NA,NA
"497",1,NA,NA
"498",1,NA,NA
"499",1,NA,NA
"500",1,NA,NA
"501",1,NA,NA
"502",1,NA,NA
"503",1,NA,NA
"504",1,NA,NA
"505",1,NA,NA
"506",1,NA,NA
"507",1,NA,NA
"508",1,NA,NA
"509",1,NA,NA
"510",1,NA,NA
"511",1,NA,NA
"512",1,NA,NA
"513",1,NA,NA
"514",1,NA,NA
"515",1,1,NA
"516",1,NA,NA
"517",1,NA,NA
"518",1,NA,NA
"519",1,NA,NA
"520",1,NA,NA
"521",1,NA,NA
"522",1,NA,NA
"523",1,NA,NA
"524",1,NA,NA
"525",1,NA,NA
"526",1,NA,NA
"527",1,1,NA
"528",1,NA,NA
"529",1,NA,NA
"530",1,1,NA
"531",1,NA,NA
"532",1,NA,NA
"533",1,1,NA
"534",1,NA,NA
"535",1,NA,NA
"536",1,NA,NA
"537",1,NA,NA
"538",1,NA,NA
"539",1,NA,NA
"540",1,NA,NA
"541",1,NA,NA
"542",1,NA,NA
"543",1,NA,NA
"544",1,NA,NA
"545",1,NA,NA
"546",1,NA,NA
"547",1,NA,NA
"548",1,NA,NA
"549",1,NA,NA
"550",1,NA,NA
"551",1,NA,NA
"552",1,NA,NA
"553",1,NA,NA
"554",1,NA,NA
"555",1,NA,NA
"556",1,NA,NA
"557",1,NA,NA
"558",1,NA,NA
"559",1,NA,NA
"560",1,NA,NA
"561",1,NA,NA
"562",1,NA,NA
"563",1,NA,NA
"564",1,1,NA
"565",1,NA,NA
"566",1,NA,NA
"567",1,NA,NA
"568",1,NA,NA
"569",1,NA,NA
"570",1,NA,NA
"571",1,NA,NA
"572",1,1,NA
"573",1,NA,NA
"574",1,NA,NA
"575",1,NA,NA
"576",1,NA,NA
"577",1,NA,NA
"578",1,NA,NA
"579",1,NA,NA
"580",1,NA,NA
"581",1,NA,NA
"582",1,NA,NA
"583",1,NA,NA
"584",1,1,NA
"585",1,NA,NA
"586",1,NA,NA
"587",1,NA,NA
"588",1,NA,NA
"589",1,NA,NA
"590",1,1,NA
"591",1,NA,NA
"592",1,NA,NA
"593",1,NA,NA
"594",1,NA,NA
"595",1,NA,NA
"596",1,NA,NA
"597",1,1,NA
"598",1,NA,NA
"599",1,NA,NA
"600",1,NA,NA
"601",1,NA,NA
"602",1,NA,NA
"603",1,NA,NA
"604",1,NA,NA
"605",1,1,NA
"606",1,NA,NA
"607",1,NA,NA
"608",1,NA,NA
"609",1,NA,NA
"610",1,NA,NA
"611",1,NA,NA
"612",1,NA,NA
"613",1,1,NA
"614",1,NA,NA
"615",1,NA,NA
"616",1,NA,NA
"617",1,NA,NA
"618",1,NA,NA
"619",1,NA,NA
"620",1,NA,NA
"621",1,NA,NA
"622",1,NA,NA
"623",1,NA,NA
"624",1,NA,NA
"625",1,NA,NA
"626",1,NA,NA
"627",1,NA,NA
"628",1,NA,NA
"629",1,NA,NA
"630",1,NA,NA
"631",1,NA,NA
"632",1,NA,NA
"633",1,NA,NA
"634",1,NA,NA
"635",1,NA,NA
"636",1,NA,NA
"637",1,NA,NA
"638",1,NA,NA
"639",1,NA,NA
"640",1,NA,NA
"641",1,NA,NA
"642",1,NA,NA
"643",1,NA,NA
"644",1,NA,NA
"645",1,NA,NA
"646",1,NA,NA
"647",1,NA,NA
"648",1,NA,NA
"649",1,NA,NA
"650",1,NA,NA
"651",1,NA,NA
"652",1,NA,NA
"653",1,NA,NA
"654",1,NA,NA
"655",1,NA,NA
"656",1,NA,NA
"657",1,NA,NA
"658",1,NA,NA
"659",1,NA,NA
"660",1,NA,NA
"661",1,NA,NA
"662",1,1,NA
"663",1,NA,NA
"664",1,1,NA
"665",1,NA,NA
"666",1,1,NA
"667",1,NA,NA
"668",1,NA,NA
"669",1,NA,NA
"670",1,NA,NA
"671",1,1,NA
"672",1,NA,NA
"673",1,1,NA
"674",1,NA,NA
"675",1,NA,NA
"676",1,NA,NA
"677",1,NA,NA
"678",1,NA,NA
"679",1,NA,NA
"680",1,NA,NA
"681",1,NA,NA
"682",1,NA,NA
"683",1,NA,NA
"684",1,NA,NA
"685",1,NA,NA
"686",1,NA,NA
"687",1,NA,NA
"688",1,NA,NA
"689",1,NA,NA
"690",1,NA,NA
"691",1,NA,NA
"692",1,NA,NA
"693",1,NA,NA
"694",1,1,NA
"695",1,NA,NA
"696",1,NA,NA
"697",1,NA,NA
"698",1,NA,NA
"699",1,NA,NA
"700",1,NA,NA
"701",1,NA,NA
"702",1,NA,NA
"703",1,NA,NA
"704",1,NA,NA
"705",1,NA,NA
"706",1,NA,NA
"707",1,1,NA
"708",1,NA,NA
"709",1,NA,NA
"710",1,NA,NA
"711",1,NA,NA
"712",1,NA,NA
"713",1,NA,NA
"714",1,NA,NA
"715",1,NA,NA
"716",1,1,NA
"717",1,NA,NA
"718",1,NA,NA
"719",1,1,NA
"720",1,NA,NA
"721",1,NA,NA
"722",1,NA,NA
"723",1,NA,NA
"724",1,NA,NA
"725",1,1,NA
"726",1,NA,NA
"727",1,NA,NA
"728",1,NA,NA
"729",1,NA,NA
"730",1,NA,NA
"731",1,NA,NA
"732",1,NA,NA
"733",1,NA,NA
"734",1,NA,NA
"735",1,NA,NA
"736",1,NA,NA
"737",1,1,NA
"738",1,NA,NA
"739",1,NA,NA
"740",1,NA,NA
"741",1,NA,NA
"742",1,NA,NA
"743",1,NA,NA
"744",1,NA,NA
"745",1,NA,NA
"746",1,1,NA
"747",1,NA,NA
"748",1,NA,NA
"749",1,NA,NA
"750",1,NA,NA
"751",1,NA,NA
"752",1,NA,NA
"753",1,NA,NA
"754",1,NA,NA
"755",1,NA,NA
"756",1,NA,NA
"757",1,NA,NA
"758",1,NA,NA
"759",1,NA,NA
"760",1,NA,NA
"761",1,NA,NA
"762",1,NA,NA
"763",1,1,NA
"764",1,NA,NA
"765",1,NA,NA
"766",1,NA,NA
"767",1,NA,NA
"768",1,NA,NA
"769",1,NA,NA
"770",1,NA,NA
"771",1,NA,NA
"772",1,NA,NA
"773",1,NA,NA
"774",1,NA,NA
"775",1,NA,NA
"776",1,NA,NA
"777",1,NA,NA
"778",1,NA,NA
"779",1,NA,NA
"780",1,NA,NA
"781",1,NA,NA
"782",1,NA,NA
"783",1,NA,NA
"784",1,NA,NA
"785",1,NA,NA
"786",1,NA,NA
"787",1,NA,NA
"788",1,NA,NA
"789",1,NA,NA
"790",1,1,NA
"791",1,NA,NA
"792",1,NA,NA
"793",1,NA,NA
"794",1,NA,NA
"795",1,NA,NA
"796",1,NA,NA
"797",1,NA,NA
"798",1,NA,NA
"799",1,NA,NA
"800",1,NA,NA
"801",1,NA,NA
"802",1,NA,NA
"803",1,NA,NA
"804",1,NA,NA
"805",1,NA,NA
"806",1,NA,NA
"807",1,NA,NA
"808",1,NA,NA
"809",1,NA,NA
"810",1,NA,NA
"811",1,NA,NA
"812",1,NA,NA
"813",1,NA,NA
"814",1,NA,NA
"815",1,NA,NA
"816",1,NA,NA
"817",1,NA,NA
"818",1,NA,NA
"819",1,NA,NA
"820",1,NA,NA
"821",1,NA,NA
"822",1,NA,NA
"823",1,NA,NA
"824",1,NA,NA
"825",1,NA,NA
"826",1,NA,NA
"827",1,NA,NA
"828",1,1,NA
"829",1,1,NA
"830",1,NA,NA
"831",1,NA,NA
"832",1,NA,NA
"833",1,NA,NA
"834",1,NA,NA
"835",1,NA,NA
"836",1,NA,NA
"837",1,NA,NA
"838",1,NA,NA
"839",1,NA,NA
"840",1,1,NA
"841",1,NA,NA
"842",1,NA,NA
"843",1,NA,NA
"844",1,1,NA
"845",1,NA,NA
"846",1,NA,NA
"847",1,NA,NA
"848",1,NA,NA
"849",1,NA,NA
"850",1,NA,NA
"851",1,NA,NA
"852",1,1,NA
"853",1,NA,NA
"854",1,NA,NA
"855",1,NA,NA
"856",1,NA,NA
"857",1,NA,NA
"858",1,NA,NA
"859",1,NA,NA
"860",1,NA,NA
"861",1,NA,NA
"862",1,NA,NA
"863",1,NA,NA
"864",1,NA,NA
"865",1,NA,NA
"866",1,NA,NA
"867",1,NA,NA
"868",1,1,NA
"869",1,NA,NA
"870",1,NA,NA
"871",1,NA,NA
"872",1,NA,NA
"873",1,NA,NA
"874",1,NA,NA
"875",1,NA,NA
"876",1,NA,NA
"877",1,NA,NA
"878",1,NA,NA
"879",1,NA,NA
"880",1,NA,NA
"881",1,1,NA
"882",1,NA,NA
"883",1,NA,NA
"884",1,NA,NA
"885",1,NA,NA
"886",1,NA,NA
"887",1,NA,NA
"888",1,NA,NA
"889",1,NA,NA
"890",1,NA,NA
"891",1,NA,NA
"892",1,NA,NA
"893",1,NA,NA
"894",1,1,NA
"895",1,NA,NA
"896",1,NA,NA
"897",1,NA,NA
"898",1,NA,NA
"899",1,NA,NA
"900",1,NA,NA
"901",1,NA,NA
"902",1,NA,NA
"903",1,NA,NA
"904",1,NA,NA
"905",1,NA,NA
"906",1,NA,NA
"907",1,NA,NA
"908",1,NA,NA
"909",1,NA,NA
"910",1,NA,NA
"911",1,NA,NA
"912",1,NA,NA
"913",1,NA,NA
"914",1,NA,NA
"915",1,NA,NA
"916",1,NA,NA
"917",1,NA,NA
"918",1,NA,NA
"919",1,NA,NA
"920",1,NA,NA
"921",1,NA,NA
"922",1,NA,NA
"923",1,NA,NA
"924",1,NA,NA
"925",1,NA,NA
"926",1,NA,NA
"927",1,NA,NA
"928",1,NA,NA
"929",1,NA,NA
"930",1,NA,NA
"931",1,NA,NA
"932",1,NA,NA
"933",1,NA,NA
"934",1,NA,NA
"935",1,NA,NA
"936",1,NA,NA
"937",1,NA,NA
"938",1,NA,NA
"939",1,NA,NA
"940",1,NA,NA
"941",1,NA,NA
"942",1,NA,NA
"943",1,NA,NA
"944",1,NA,NA
"945",1,NA,NA
"946",1,NA,NA
"947",1,NA,NA
"948",1,NA,NA
"949",1,NA,NA
"950",1,NA,NA
"951",1,NA,NA
"952",1,NA,NA
"953",1,NA,NA
"954",1,NA,NA
"955",1,NA,NA
"956",1,NA,NA
"957",1,NA,NA
"958",1,NA,NA
"959",1,NA,NA
"960",1,NA,NA
"961",1,NA,NA
"962",1,NA,NA
"963",1,NA,NA
"964",1,NA,NA
"965",1,NA,NA
"966",1,NA,NA
"967",1,NA,NA
"968",1,NA,NA
"969",1,NA,NA
"970",1,NA,NA
"971",1,NA,NA
"972",1,NA,NA
"973",1,NA,NA
"974",1,NA,NA
"975",1,NA,NA
"976",1,NA,NA
"977",1,NA,NA
"978",1,NA,NA
"979",1,NA,NA
"980",1,1,NA
"981",1,NA,NA
"982",1,NA,NA
"983",1,NA,NA
"984",1,NA,NA
"985",1,NA,NA
"986",1,NA,NA
"987",1,NA,NA
"988",1,NA,NA
"989",1,NA,NA
"990",1,NA,NA
"991",1,NA,NA
"992",1,NA,NA
"993",1,NA,NA
"994",1,NA,NA
"995",1,NA,NA
"996",1,NA,NA
"997",1,NA,NA
"998",1,NA,NA
"999",1,NA,NA
"1000",1,NA,NA
"1001",1,NA,NA
"1002",1,1,NA
"1003",1,NA,NA
"1004",1,NA,NA
"1005",1,NA,NA
"1006",1,NA,NA
"1007",1,NA,NA
"1008",1,NA,NA
"1009",1,NA,NA
"1010",1,NA,NA
"1011",1,NA,NA
"1012",1,NA,NA
"1013",1,NA,NA
"1014",1,NA,NA
"1015",1,NA,NA
"1016",1,NA,NA
"1017",1,NA,NA
"1018",1,NA,NA
"1019",1,NA,NA
"1020",1,NA,NA
"1021",1,NA,NA
"1022",1,NA,NA
"1023",1,NA,NA
"1024",1,NA,NA
"1025",1,NA,NA
"1026",1,NA,NA
"1027",1,NA,NA
"1028",1,1,NA
"1029",1,NA,NA
"1030",1,NA,NA
"1031",1,1,NA
"1032",1,NA,NA
"1033",1,NA,NA
"1034",1,NA,NA
"1035",1,NA,NA
"1036",1,NA,NA
"1037",1,NA,NA
"1038",1,NA,NA
"1039",1,NA,NA
"1040",1,NA,NA
"1041",1,NA,NA
"1042",1,NA,NA
"1043",1,NA,NA
"1044",1,NA,NA
"1045",1,NA,NA
"1046",1,NA,NA
"1047",1,NA,NA
"1048",1,NA,NA
"1049",1,NA,NA
"1050",1,NA,NA
"1051",1,NA,NA
"1052",1,NA,NA
"1053",1,NA,NA
"1054",1,NA,NA
"1055",1,NA,NA
"1056",1,NA,NA
"1057",1,NA,NA
"1058",1,NA,NA
"1059",1,NA,NA
"1060",1,NA,NA
"1061",1,NA,NA
"1062",1,NA,NA
"1063",1,NA,NA
"1064",1,NA,NA
"1065",1,NA,NA
"1066",1,NA,NA
"1067",1,NA,NA
"1068",1,NA,NA
"1069",1,NA,NA
"1070",1,NA,NA
"1071",1,1,NA
"1072",1,NA,NA
"1073",1,NA,NA
"1074",1,NA,NA
"1075",1,NA,NA
"1076",1,NA,NA
"1077",1,NA,NA
"1078",1,NA,NA
"1079",1,NA,NA
"1080",1,NA,NA
"1081",1,NA,NA
"1082",1,NA,NA
"1083",1,NA,NA
"1084",1,NA,NA
"1085",1,NA,NA
"1086",1,1,NA
"1087",1,NA,NA
"1088",1,NA,NA
"1089",1,NA,NA
"1090",1,NA,NA
"1091",1,NA,NA
"1092",1,NA,NA
"1093",1,NA,NA
"1094",1,NA,NA
"1095",1,NA,NA
"1096",1,NA,NA
"1097",1,NA,NA
"1098",1,NA,NA
"1099",1,NA,NA
"1100",1,NA,NA
"1101",1,NA,NA
"1102",1,NA,NA
"1103",1,NA,NA
"1104",1,1,NA
"1105",1,NA,NA
"1106",1,NA,NA
"1107",1,NA,NA
"1108",1,NA,NA
"1109",1,NA,NA
"1110",1,NA,NA
"1111",1,NA,NA
"1112",1,NA,NA
"1113",1,NA,NA
"1114",1,NA,NA
"1115",1,NA,NA
"1116",1,NA,NA
"1117",1,NA,NA
"1118",1,NA,NA
"1119",1,NA,NA
"1120",1,NA,NA
"1121",1,NA,NA
"1122",1,1,NA
"1123",1,NA,NA
"1124",1,NA,NA
"1125",1,1,NA
"1126",1,NA,NA
"1127",1,NA,NA
"1128",1,NA,NA
"1129",1,NA,NA
"1130",1,NA,NA
"1131",1,NA,NA
"1132",1,1,NA
"1133",1,NA,NA
"1134",1,NA,NA
"1135",1,1,NA
"1136",1,NA,NA
"1137",1,NA,NA
"1138",1,NA,NA
"1139",1,NA,NA
"1140",1,NA,NA
"1141",1,NA,NA
"1142",1,NA,NA
"1143",1,NA,NA
"1144",1,NA,NA
"1145",1,NA,NA
"1146",1,NA,NA
"1147",1,NA,NA
"1148",1,NA,NA
"1149",1,NA,NA
"1150",1,NA,NA
"1151",1,NA,NA
"1152",1,NA,NA
"1153",1,NA,NA
"1154",1,NA,NA
"1155",1,NA,NA
"1156",1,NA,NA
"1157",1,NA,NA
"1158",1,NA,NA
"1159",1,NA,NA
"1160",1,NA,NA
"1161",1,NA,NA
"1162",1,NA,NA
"1163",1,NA,NA
"1164",1,NA,NA
"1165",1,NA,NA
"1166",1,NA,NA
"1167",1,NA,NA
"1168",1,NA,NA
"1169",1,NA,NA
"1170",1,NA,NA
"1171",1,NA,NA
"1172",1,NA,NA
"1173",1,NA,NA
"1174",1,NA,NA
"1175",1,NA,NA
"1176",1,NA,NA
"1177",1,NA,NA
"1178",1,NA,NA
"1179",1,NA,NA
"1180",1,NA,NA
"1181",1,NA,NA
"1182",1,NA,NA
"1183",1,NA,NA
"1184",1,NA,NA
"1185",1,NA,NA
"1186",1,NA,NA
"1187",1,NA,NA
"1188",1,NA,NA
"1189",1,NA,NA
"1190",1,NA,NA
"1191",1,NA,NA
"1192",1,NA,NA
"1193",1,1,NA
"1194",1,NA,NA
"1195",1,NA,NA
"1196",1,NA,NA
"1197",1,NA,NA
"1198",1,NA,NA
"1199",1,NA,NA
"1200",1,NA,NA
"1201",1,NA,NA
"1202",1,NA,NA
"1203",1,NA,NA
"1204",1,1,NA
"1205",1,NA,NA
"1206",1,1,NA
"1207",1,NA,NA
"1208",1,NA,NA
"1209",1,NA,NA
"1210",1,1,NA
"1211",1,NA,NA
"1212",1,NA,NA
"1213",1,NA,NA
"1214",1,1,NA
"1215",1,NA,NA
"1216",1,NA,NA
"1217",1,NA,NA
"1218",1,NA,NA
"1219",1,NA,NA
"1220",1,NA,NA
"1221",1,NA,NA
"1222",1,NA,NA
"1223",1,NA,NA
"1224",1,1,NA
"1225",1,NA,NA
"1226",1,NA,NA
"1227",1,NA,NA
"1228",1,NA,NA
"1229",1,NA,NA
"1230",1,NA,NA
"1231",1,NA,NA
"1232",1,NA,NA
"1233",1,NA,NA
"1234",1,NA,NA
"1235",1,NA,NA
"1236",1,NA,NA
"1237",1,NA,NA
"1238",1,NA,NA
"1239",1,NA,NA
"1240",1,NA,NA
"1241",1,NA,NA
"1242",1,1,NA
"1243",1,NA,NA
"1244",1,NA,NA
"1245",1,NA,NA
"1246",1,NA,NA
"1247",1,NA,NA
"1248",1,NA,NA
"1249",1,NA,NA
"1250",1,NA,NA
"1251",1,NA,NA
"1252",1,NA,NA
"1253",1,NA,NA
"1254",1,NA,NA
"1255",1,NA,NA
"1256",1,1,NA
"1257",1,NA,NA
"1258",1,NA,NA
"1259",1,NA,NA
"1260",1,NA,NA
"1261",1,NA,NA
"1262",1,NA,NA
"1263",1,NA,NA
"1264",1,NA,NA
"1265",1,NA,NA
"1266",1,NA,NA
"1267",1,NA,NA
"1268",1,NA,NA
"1269",1,NA,NA
"1270",1,NA,NA
"1271",1,NA,NA
"1272",1,NA,NA
"1273",1,1,NA
"1274",1,NA,NA
"1275",1,NA,NA
"1276",1,NA,NA
"1277",1,NA,NA
"1278",1,NA,NA
"1279",1,NA,NA
"1280",1,1,NA
"1281",1,NA,NA
"1282",1,NA,NA
"1283",1,1,NA
"1284",1,NA,NA
"1285",1,NA,NA
"1286",1,NA,NA
"1287",1,NA,NA
"1288",1,NA,NA
"1289",1,NA,NA
"1290",1,NA,NA
"1291",1,NA,NA
"1292",1,NA,NA
"1293",1,1,NA
"1294",1,NA,NA
"1295",1,NA,NA
"1296",1,NA,NA
"1297",1,NA,NA
"1298",1,NA,NA
"1299",1,NA,NA
"1300",1,NA,NA
"1301",1,NA,NA
"1302",1,NA,NA
"1303",1,NA,NA
"1304",1,NA,NA
"1305",1,NA,NA
"1306",1,NA,NA
"1307",1,NA,NA
"1308",1,NA,NA
"1309",1,NA,NA
"1310",1,NA,NA
"1311",1,NA,NA
"1312",1,NA,NA
"1313",1,NA,NA
"1314",1,NA,NA
"1315",1,NA,NA
"1316",1,NA,NA
"1317",1,NA,NA
"1318",1,NA,NA
"1319",1,NA,NA
"1320",1,NA,NA
"1321",1,NA,NA
"1322",1,NA,NA
"1323",1,NA,NA
"1324",1,NA,NA
"1325",1,1,NA
"1326",1,NA,NA
"1327",1,NA,NA
"1328",1,NA,NA
"1329",1,NA,NA
"1330",1,NA,NA
"1331",1,NA,NA
"1332",1,NA,NA
"1333",1,NA,NA
"1334",1,1,NA
"1335",1,NA,NA
"1336",1,NA,NA
"1337",1,NA,NA
"1338",1,NA,NA
"1339",1,NA,NA
"1340",1,NA,NA
"1341",1,NA,NA
"1342",1,NA,NA
"1343",1,NA,NA
"1344",1,NA,NA
"1345",1,NA,NA
"1346",1,NA,NA
"1347",1,NA,NA
"1348",1,1,NA
"1349",1,NA,NA
"1350",1,1,NA
"1351",1,NA,NA
"1352",1,NA,NA
"1353",1,NA,NA
"1354",1,NA,NA
"1355",1,NA,NA
"1356",1,NA,NA
"1357",1,NA,NA
"1358",1,NA,NA
"1359",1,NA,NA
"1360",1,NA,NA
"1361",1,NA,NA
"1362",1,NA,NA
"1363",1,NA,NA
"1364",1,NA,NA
"1365",1,NA,NA
"1366",1,NA,NA
"1367",1,NA,NA
"1368",1,NA,NA
"1369",1,1,NA
"1370",1,NA,NA
"1371",1,NA,NA
"1372",1,1,NA
"1373",1,NA,NA
"1374",1,1,NA
"1375",1,NA,NA
"1376",1,NA,NA
"1377",1,NA,NA
"1378",1,NA,NA
"1379",1,NA,NA
"1380",1,NA,NA
"1381",1,NA,NA
"1382",1,NA,NA
"1383",1,NA,NA
"1384",1,NA,NA
"1385",1,NA,NA
"1386",1,NA,NA
"1387",1,NA,NA
"1388",1,NA,NA
"1389",1,NA,NA
"1390",1,NA,NA
"1391",1,1,NA
"1392",1,NA,NA
"1393",1,1,NA
"1394",1,NA,NA
"1395",1,NA,NA
"1396",1,NA,NA
"1397",1,NA,NA
"1398",1,NA,NA
"1399",1,NA,NA
"1400",1,NA,NA
"1401",1,NA,NA
"1402",1,1,NA
"1403",1,NA,NA
"1404",1,NA,NA
"1405",1,NA,NA
"1406",1,1,NA
"1407",1,NA,NA
"1408",1,NA,NA
"1409",1,NA,NA
"1410",1,NA,NA
"1411",1,NA,NA
"1412",1,1,NA
"1413",1,NA,NA
"1414",1,NA,NA
"1415",1,NA,NA
"1416",1,NA,NA
"1417",1,NA,NA
"1418",1,NA,NA
"1419",1,NA,NA
"1420",1,NA,NA
"1421",1,NA,NA
"1422",1,1,NA
"1423",1,NA,NA
"1424",1,NA,NA
"1425",1,NA,NA
"1426",1,NA,NA
"1427",1,NA,NA
"1428",1,NA,NA
"1429",1,NA,NA
"1430",1,NA,NA
"1431",1,NA,NA
"1432",1,NA,NA
"1433",1,NA,NA
"1434",1,NA,NA
"1435",1,NA,NA
"1436",1,NA,NA
"1437",1,NA,NA
"1438",1,NA,NA
"1439",1,NA,NA
"1440",1,NA,NA
"1441",1,NA,NA
"1442",1,NA,NA
"1443",1,NA,NA
"1444",1,NA,NA
"1445",1,NA,NA
"1446",1,NA,NA
"1447",1,NA,NA
"1448",1,NA,NA
"1449",1,NA,NA
"1450",1,NA,NA
"1451",1,NA,NA
"1452",1,NA,NA
"1453",1,NA,NA
"1454",1,NA,NA
"1455",1,NA,NA
"1456",1,NA,NA
"1457",1,NA,NA
"1458",1,NA,NA
"1459",1,NA,NA
"1460",1,NA,NA
"1461",1,NA,NA
"1462",1,NA,NA
"1463",1,NA,NA
"1464",1,NA,NA
"1465",1,1,NA
"1466",1,NA,NA
"1467",1,NA,NA
"1468",1,NA,NA
"1469",1,NA,NA
"1470",1,NA,NA
"1471",1,NA,NA
"1472",1,NA,NA
"1473",1,NA,NA
"1474",1,NA,NA
"1475",1,NA,NA
"1476",1,NA,NA
"1477",1,NA,NA
"1478",1,NA,NA
"1479",1,NA,NA
"1480",1,NA,NA
"1481",1,1,NA
"1482",1,NA,NA
"1483",1,NA,NA
"1484",1,NA,NA
"1485",1,NA,NA
"1486",1,NA,NA
"1487",1,NA,NA
"1488",1,NA,NA
"1489",1,NA,NA
"1490",1,NA,NA
"1491",1,NA,NA
"1492",1,NA,NA
"1493",1,NA,NA
"1494",1,NA,NA
"1495",1,NA,NA
"1496",1,1,NA
"1497",1,NA,NA
"1498",1,NA,NA
"1499",1,NA,NA
"1500",1,NA,NA
"1501",1,NA,NA
"1502",1,NA,NA
"1503",1,NA,NA
"1504",1,NA,NA
"1505",1,NA,NA
"1506",1,NA,NA
"1507",1,NA,NA
"1508",1,NA,NA
"1509",1,NA,NA
"1510",1,NA,NA
"1511",1,NA,NA
"1512",1,NA,NA
"1513",1,NA,NA
"1514",1,NA,NA
"1515",1,NA,NA
"1516",1,NA,NA
"1517",1,NA,NA
"1518",1,NA,NA
"1519",1,NA,NA
"1520",1,NA,NA
"1521",1,NA,NA
"1522",1,NA,NA
"1523",1,NA,NA
"1524",1,1,NA
"1525",1,NA,NA
"1526",1,NA,NA
"1527",1,NA,NA
"1528",1,NA,NA
"1529",1,NA,NA
"1530",1,NA,NA
"1531",1,NA,NA
"1532",1,NA,NA
"1533",1,1,NA
"1534",1,NA,NA
"1535",1,NA,NA
"1536",1,NA,NA
"1537",1,NA,NA
"1538",1,NA,NA
"1539",1,NA,NA
"1540",1,NA,NA
"1541",1,NA,NA
"1542",1,NA,NA
"1543",1,NA,NA
"1544",1,NA,NA
"1545",1,NA,NA
"1546",1,NA,NA
"1547",1,NA,NA
"1548",1,NA,NA
"1549",1,1,NA
"1550",1,NA,NA
"1551",1,NA,NA
"1552",1,NA,NA
"1553",1,NA,NA
"1554",1,NA,NA
"1555",1,1,NA
"1556",1,NA,NA
"1557",1,NA,NA
"1558",1,1,NA
"1559",1,NA,NA
"1560",1,NA,NA
"1561",1,NA,NA
"1562",1,NA,NA
"1563",1,1,NA
"1564",1,NA,NA
"1565",1,NA,NA
"1566",1,NA,NA
"1567",1,NA,NA
"1568",1,1,NA
"1569",1,NA,NA
"1570",1,NA,NA
"1571",1,NA,NA
"1572",1,NA,NA
"1573",1,NA,NA
"1574",1,NA,NA
"1575",1,NA,NA
"1576",1,NA,NA
"1577",1,NA,NA
"1578",1,NA,NA
"1579",1,NA,NA
"1580",1,NA,NA
"1581",1,NA,NA
"1582",1,NA,NA
"1583",1,NA,NA
"1584",1,NA,NA
"1585",1,NA,NA
"1586",1,NA,NA
"1587",1,NA,NA
"1588",1,NA,NA
"1589",1,NA,NA
"1590",1,NA,NA
"1591",1,NA,NA
"1592",1,NA,NA
"1593",1,NA,NA
"1594",1,NA,NA
"1595",1,NA,NA
"1596",1,NA,NA
"1597",1,NA,NA
"1598",1,NA,NA
"1599",1,NA,NA
"1600",1,NA,NA
"1601",1,NA,NA
"1602",1,NA,NA
"1603",1,NA,NA
"1604",1,NA,NA
"1605",1,NA,NA
"1606",1,NA,NA
"1607",1,NA,NA
"1608",1,NA,NA
"1609",1,NA,NA
"1610",1,NA,NA
"1611",1,NA,NA
"1612",1,NA,NA
"1613",1,NA,NA
"1614",1,NA,NA
"1615",1,NA,NA
"1616",1,NA,NA
"1617",1,NA,NA
"1618",1,NA,NA
"1619",1,1,NA
"1620",1,NA,NA
"1621",1,NA,NA
"1622",1,NA,NA
"1623",1,NA,NA
"1624",1,NA,NA
"1625",1,NA,NA
"1626",1,NA,NA
"1627",1,NA,NA
"1628",1,NA,NA
"1629",1,NA,NA
"1630",1,NA,NA
"1631",1,NA,NA
"1632",1,NA,NA
"1633",1,NA,NA
"1634",1,NA,NA
"1635",1,NA,NA
"1636",1,NA,NA
"1637",1,NA,NA
"1638",1,NA,NA
"1639",1,NA,NA
"1640",1,NA,NA
"1641",1,NA,NA
"1642",1,NA,NA
"1643",1,NA,NA
"1644",1,NA,NA
"1645",1,NA,NA
"1646",1,NA,NA
"1647",1,NA,NA
"1648",1,NA,NA
"1649",1,NA,NA
"1650",1,NA,NA
"1651",1,NA,NA
"1652",1,NA,NA
"1653",1,1,NA
"1654",1,NA,NA
"1655",1,NA,NA
"1656",1,NA,NA
"1657",1,NA,NA
"1658",1,NA,NA
"1659",1,NA,NA
"1660",1,NA,NA
"1661",1,NA,NA
"1662",1,NA,NA
"1663",1,NA,NA
"1664",1,NA,NA
"1665",1,NA,NA
"1666",1,NA,NA
"1667",1,NA,NA
"1668",1,NA,NA
"1669",1,NA,NA
"1670",1,NA,NA
"1671",1,NA,NA
"1672",1,NA,NA
"1673",1,NA,NA
"1674",1,NA,NA
"1675",1,NA,NA
"1676",1,NA,NA
"1677",1,NA,NA
"1678",1,NA,NA
"1679",1,NA,NA
"1680",1,NA,NA
"1681",1,NA,NA
"1682",1,NA,NA
"1683",1,NA,NA
"1684",1,NA,NA
"1685",1,NA,NA
"1686",1,NA,NA
"1687",1,NA,NA
"1688",1,NA,NA
"1689",1,NA,NA
"1690",1,NA,NA
"1691",1,NA,NA
"1692",1,NA,NA
"1693",1,NA,NA
"1694",1,NA,NA
"1695",1,NA,NA
"1696",1,NA,NA
"1697",1,NA,NA
"1698",1,NA,NA
"1699",1,NA,NA
"1700",1,NA,NA
"1701",1,NA,NA
"1702",1,NA,NA
"1703",1,NA,NA
"1704",1,NA,NA
"1705",1,NA,NA
"1706",1,NA,NA
"1707",1,NA,NA
"1708",1,NA,NA
"1709",1,NA,NA
"1710",1,NA,NA
"1711",1,NA,NA
"1712",1,NA,NA
"1713",1,NA,NA
"1714",1,NA,NA
"1715",1,NA,NA
"1716",1,NA,NA
"1717",1,NA,NA
"1718",1,NA,NA
"1719",1,NA,NA
"1720",1,1,NA
"1721",1,NA,NA
"1722",1,1,NA
"1723",1,1,NA
"1724",1,NA,NA
"1725",1,NA,NA
"1726",1,NA,NA
"1727",1,NA,NA
"1728",1,NA,NA
"1729",1,NA,NA
"1730",1,NA,NA
"1731",1,1,NA
"1732",1,NA,NA
"1733",1,NA,NA
"1734",1,NA,NA
"1735",1,NA,NA
"1736",1,NA,NA
"1737",1,NA,NA
"1738",1,NA,NA
"1739",1,NA,NA
"1740",1,NA,NA
"1741",1,NA,NA
"1742",1,NA,NA
"1743",1,NA,NA
"1744",1,NA,NA
"1745",1,NA,NA
"1746",1,NA,NA
"1747",1,NA,NA
"1748",1,NA,NA
"1749",1,1,NA
"1750",1,NA,NA
"1751",1,NA,NA
"1752",1,NA,NA
"1753",1,1,NA
"1754",1,NA,NA
"1755",1,NA,NA
"1756",1,NA,NA
"1757",1,NA,NA
"1758",1,NA,NA
"1759",1,1,NA
"1760",1,NA,NA
"1761",1,NA,NA
"1762",1,NA,NA
"1763",1,NA,NA
"1764",1,NA,NA
"1765",1,NA,NA
"1766",1,NA,NA
"1767",1,NA,NA
"1768",1,NA,NA
"1769",1,NA,NA
"1770",1,NA,NA
"1771",1,NA,NA
"1772",1,NA,NA
"1773",1,NA,NA
"1774",1,NA,NA
"1775",1,NA,NA
"1776",1,NA,NA
"1777",1,NA,NA
"1778",1,NA,NA
"1779",1,NA,NA
"1780",1,NA,NA
"1781",1,NA,NA
"1782",1,NA,NA
"1783",1,NA,NA
"1784",1,NA,NA
"1785",1,1,NA
"1786",1,NA,NA
"1787",1,NA,NA
"1788",1,NA,NA
"1789",1,1,NA
"1790",1,NA,NA
"1791",1,NA,NA
"1792",1,NA,NA
"1793",1,NA,NA
"1794",1,NA,NA
"1795",1,NA,NA
"1796",1,NA,NA
"1797",1,NA,NA
"1798",1,NA,NA
"1799",1,NA,NA
"1800",1,NA,NA
"1801",1,NA,NA
"1802",1,NA,NA
"1803",1,NA,NA
"1804",1,NA,NA
"1805",1,NA,NA
"1806",1,NA,NA
"1807",1,NA,NA
"1808",1,NA,NA
"1809",1,NA,NA
"1810",1,NA,NA
"1811",1,NA,NA
"1812",1,NA,NA
"1813",1,NA,NA
"1814",1,NA,NA
"1815",1,NA,NA
"1816",1,NA,NA
"1817",1,NA,NA
"1818",1,NA,NA
"1819",1,NA,NA
"1820",1,NA,NA
"1821",1,NA,NA
"1822",1,NA,NA
"1823",1,NA,NA
"1824",1,1,NA
"1825",1,NA,NA
"1826",1,NA,NA
"1827",1,1,NA
"1828",1,NA,NA
"1829",1,NA,NA
"1830",1,NA,NA
"1831",1,NA,NA
"1832",1,1,NA
"1833",1,NA,NA
"1834",1,NA,NA
"1835",1,NA,NA
"1836",1,NA,NA
"1837",1,NA,NA
"1838",1,NA,NA
"1839",1,NA,NA
"1840",1,NA,NA
"1841",1,1,NA
"1842",1,NA,NA
"1843",1,NA,NA
"1844",1,NA,NA
"1845",1,NA,NA
"1846",1,NA,NA
"1847",1,NA,NA
"1848",1,NA,NA
"1849",1,NA,NA
"1850",1,NA,NA
"1851",1,NA,NA
"1852",1,NA,NA
"1853",1,NA,NA
"1854",1,NA,NA
"1855",1,NA,NA
"1856",1,NA,NA
"1857",1,NA,NA
"1858",1,NA,NA
"1859",1,NA,NA
"1860",1,NA,NA
"1861",1,NA,NA
"1862",1,NA,NA
"1863",1,NA,NA
"1864",1,NA,NA
"1865",1,NA,NA
"1866",1,NA,NA
"1867",1,NA,NA
"1868",1,NA,NA
"1869",1,NA,NA
"1870",1,NA,NA
"1871",1,NA,NA
"1872",1,NA,NA
"1873",1,NA,NA
"1874",1,1,NA
"1875",1,NA,NA
"1876",1,NA,NA
"1877",1,NA,NA
"1878",1,NA,NA
"1879",1,NA,NA
"1880",1,NA,NA
"1881",1,NA,NA
"1882",1,NA,NA
"1883",1,NA,NA
"1884",1,NA,NA
"1885",1,NA,NA
"1886",1,NA,NA
"1887",1,NA,NA
"1888",1,NA,NA
"1889",1,NA,NA
"1890",1,NA,NA
"1891",1,NA,NA
"1892",1,NA,NA
"1893",1,NA,NA
"1894",1,NA,NA
"1895",1,NA,NA
"1896",1,NA,NA
"1897",1,NA,NA
"1898",1,NA,NA
"1899",1,NA,NA
"1900",1,NA,NA
"1901",1,NA,NA
"1902",1,NA,NA
"1903",1,NA,NA
"1904",1,NA,NA
"1905",1,NA,NA
"1906",1,NA,NA
"1907",1,NA,NA
"1908",1,NA,NA
"1909",1,NA,NA
"1910",1,NA,NA
"1911",1,NA,NA
"1912",1,NA,NA
"1913",1,NA,NA
"1914",1,NA,NA
"1915",1,NA,NA
"1916",1,NA,NA
"1917",1,NA,NA
"1918",1,NA,NA
"1919",1,NA,NA
"1920",1,NA,NA
"1921",1,NA,NA
"1922",1,NA,NA
"1923",1,NA,NA
"1924",1,NA,NA
"1925",1,NA,NA
"1926",1,NA,NA
"1927",1,NA,NA
"1928",1,NA,NA
"1929",1,NA,NA
"1930",1,NA,NA
"1931",1,NA,NA
"1932",1,NA,NA
"1933",1,NA,NA
"1934",1,1,NA
"1935",1,NA,NA
"1936",1,NA,NA
"1937",1,NA,NA
"1938",1,NA,NA
"1939",1,NA,NA
"1940",1,NA,NA
"1941",1,NA,NA
"1942",1,NA,NA
"1943",1,NA,NA
"1944",1,NA,NA
"1945",1,NA,NA
"1946",1,NA,NA
"1947",1,NA,NA
"1948",1,NA,NA
"1949",1,NA,NA
"1950",1,NA,NA
"1951",1,NA,NA
"1952",1,NA,NA
"1953",1,NA,NA
"1954",1,NA,NA
"1955",1,NA,NA
"1956",1,NA,NA
"1957",1,1,NA
"1958",1,NA,NA
"1959",1,NA,NA
"1960",1,NA,NA
"1961",1,NA,NA
"1962",1,NA,NA
"1963",1,NA,NA
"1964",1,NA,NA
"1965",1,NA,NA
"1966",1,NA,NA
"1967",1,NA,NA
"1968",1,NA,NA
"1969",1,NA,NA
"1970",1,NA,NA
"1971",1,NA,NA
"1972",1,NA,NA
"1973",1,NA,NA
"1974",1,NA,NA
"1975",1,NA,NA
"1976",1,NA,NA
"1977",1,NA,NA
"1978",1,NA,NA
"1979",1,NA,NA
"1980",1,NA,NA
"1981",1,NA,NA
"1982",1,NA,NA
"1983",1,NA,NA
"1984",1,NA,NA
"1985",1,NA,NA
"1986",1,NA,NA
"1987",1,1,NA
"1988",1,NA,NA
"1989",1,NA,NA
"1990",1,NA,NA
"1991",1,NA,NA
"1992",1,NA,NA
"1993",1,NA,NA
"1994",1,NA,NA
"1995",1,NA,NA
"1996",1,NA,NA
"1997",1,NA,NA
"1998",1,NA,NA
"1999",1,NA,NA
"2000",1,NA,NA
"2001",1,1,NA
"2002",1,NA,NA
"2003",1,NA,NA
"2004",1,NA,NA
"2005",1,1,NA
"2006",1,NA,NA
"2007",1,NA,NA
"2008",1,NA,NA
"2009",1,NA,NA
"2010",1,NA,NA
"2011",1,NA,NA
"2012",1,NA,NA
"2013",1,NA,NA
"2014",1,NA,NA
"2015",1,NA,NA
"2016",1,NA,NA
"2017",1,NA,NA
"2018",1,NA,NA
"2019",1,NA,NA
"2020",1,NA,NA
"2021",1,NA,NA
"2022",1,NA,NA
"2023",1,NA,NA
"2024",1,NA,NA
"2025",1,NA,NA
"2026",1,NA,NA
"2027",1,NA,NA
"2028",1,NA,NA
"2029",1,NA,NA
"2030",1,NA,NA
"2031",1,NA,NA
"2032",1,NA,NA
"2033",1,NA,NA
"2034",1,NA,NA
"2035",1,NA,NA
"2036",1,NA,NA
"2037",1,NA,NA
"2038",1,NA,NA
"2039",1,NA,NA
"2040",1,NA,NA
"2041",1,NA,NA
"2042",1,NA,NA
"2043",1,NA,NA
"2044",1,NA,NA
"2045",1,NA,NA
"2046",1,NA,NA
"2047",1,NA,NA
"2048",1,NA,NA
"2049",1,NA,NA
"2050",1,NA,NA
"2051",1,NA,NA
"2052",1,NA,NA
"2053",1,NA,NA
"2054",1,NA,NA
"2055",1,NA,NA
"2056",1,NA,NA
"2057",1,NA,NA
"2058",1,NA,NA
"2059",1,NA,NA
"2060",1,NA,NA
"2061",1,NA,NA
"2062",1,NA,NA
"2063",1,NA,NA
"2064",1,NA,NA
"2065",1,NA,NA
"2066",1,NA,NA
"2067",1,NA,NA
"2068",1,NA,NA
"2069",1,NA,NA
"2070",1,NA,NA
"2071",1,NA,NA
"2072",1,NA,NA
"2073",1,NA,NA
"2074",1,NA,NA
"2075",1,NA,NA
"2076",1,NA,NA
"2077",1,NA,NA
"2078",1,NA,NA
"2079",1,NA,NA
"2080",1,NA,NA
"2081",1,NA,NA
"2082",1,NA,NA
"2083",1,NA,NA
"2084",1,NA,NA
"2085",1,NA,NA
"2086",1,1,NA
"2087",1,NA,NA
"2088",1,NA,NA
"2089",1,NA,NA
"2090",1,NA,NA
"2091",1,NA,NA
"2092",1,NA,NA
"2093",1,NA,NA
"2094",1,NA,NA
"2095",1,NA,NA
"2096",1,NA,NA
"2097",1,NA,NA
"2098",1,NA,NA
"2099",1,NA,NA
"2100",1,NA,NA
"2101",1,NA,NA
"2102",1,NA,NA
"2103",1,NA,NA
"2104",1,NA,NA
"2105",1,NA,NA
"2106",1,NA,NA
"2107",1,NA,NA
"2108",1,NA,NA
"2109",1,NA,NA
"2110",1,NA,NA
"2111",1,NA,NA
"2112",1,NA,NA
"2113",1,NA,NA
"2114",1,NA,NA
"2115",1,NA,NA
"2116",1,NA,NA
"2117",1,1,NA
"2118",1,NA,NA
"2119",1,NA,NA
"2120",1,NA,NA
"2121",1,NA,NA
"2122",1,NA,NA
"2123",1,NA,NA
"2124",1,NA,NA
"2125",1,1,NA
"2126",1,NA,NA
"2127",1,NA,NA
"2128",1,NA,NA
"2129",1,NA,NA
"2130",1,1,NA
"2131",1,NA,NA
"2132",1,NA,NA
"2133",1,NA,NA
"2134",1,1,NA
"2135",1,1,NA
"2136",1,1,NA
"2137",1,NA,NA
"2138",1,NA,NA
"2139",1,NA,NA
"2140",1,NA,NA
"2141",NA,1,NA
"2142",NA,1,NA
"2143",NA,1,NA
"2144",NA,1,NA
"2145",NA,1,NA
"2146",NA,1,NA
"2147",NA,1,NA
"2148",NA,1,NA
"2149",NA,1,NA
"2150",NA,1,NA
"2151",NA,1,NA
"2152",NA,1,NA
"2153",NA,1,NA
"2154",NA,1,NA
"2155",NA,1,NA
"2156",NA,1,NA
"2157",NA,1,NA
"2158",NA,1,NA
"2159",NA,1,NA
"2160",NA,1,NA
"2161",NA,1,NA
"2162",NA,1,NA
"2163",NA,1,NA
"2164",NA,1,NA
"2165",NA,1,NA
"2166",NA,1,NA
"2167",NA,1,NA
"2168",NA,1,NA
"2169",NA,1,NA
"2170",NA,1,NA
"2171",NA,1,NA
"2172",NA,1,NA
"2173",NA,1,NA
"2174",NA,1,NA
"2175",NA,1,NA
"2176",NA,1,NA
"2177",NA,1,NA
"2178",NA,1,NA
"2179",NA,1,NA
"2180",NA,1,NA
"2181",NA,1,NA
"2182",NA,1,NA
"2183",NA,1,NA
"2184",NA,1,NA
"2185",NA,1,NA
"2186",NA,1,NA
"2187",NA,1,NA
"2188",NA,1,NA
"2189",NA,1,NA
"2190",NA,1,NA
"2191",NA,1,NA
"2192",NA,1,NA
"2193",NA,1,NA
"2194",NA,1,NA
"2195",NA,1,NA
"2196",NA,1,NA
"2197",NA,1,NA
"2198",NA,1,NA
"2199",NA,1,1
"2200",NA,1,NA
"2201",NA,1,NA
"2202",NA,1,NA
"2203",NA,1,NA
"2204",NA,1,NA
"2205",NA,1,NA
"2206",NA,1,NA
"2207",NA,1,1
"2208",NA,1,NA
"2209",NA,1,NA
"2210",NA,1,NA
"2211",NA,1,NA
"2212",NA,1,NA
"2213",NA,1,NA
"2214",NA,1,NA
"2215",NA,1,NA
"2216",NA,1,NA
"2217",NA,1,NA
"2218",NA,1,NA
"2219",NA,1,NA
"2220",NA,1,NA
"2221",NA,1,NA
"2222",NA,1,NA
"2223",NA,1,NA
"2224",NA,1,NA
"2225",NA,1,NA
"2226",NA,1,NA
"2227",NA,1,NA
"2228",NA,1,NA
"2229",NA,1,NA
"2230",NA,1,NA
"2231",NA,1,NA
"2232",NA,1,NA
"2233",NA,1,NA
"2234",NA,1,NA
"2235",NA,1,NA
"2236",NA,1,NA
"2237",NA,1,NA
"2238",NA,1,NA
"2239",NA,1,NA
"2240",NA,1,NA
"2241",NA,1,NA
"2242",NA,1,NA
"2243",NA,1,NA
"2244",NA,1,NA
"2245",NA,1,NA
"2246",NA,1,NA
"2247",NA,1,NA
"2248",NA,1,NA
"2249",NA,1,NA
"2250",NA,1,NA
"2251",NA,1,NA
"2252",NA,1,NA
"2253",NA,1,NA
"2254",NA,1,NA
"2255",NA,1,NA
"2256",NA,1,NA
"2257",NA,1,NA
"2258",NA,1,NA
"2259",NA,1,NA
"2260",NA,1,1
"2261",NA,1,NA
"2262",NA,1,NA
"2263",NA,1,NA
"2264",NA,1,NA
"2265",NA,1,NA
"2266",NA,1,NA
"2267",NA,1,NA
"2268",NA,1,NA
"2269",NA,1,NA
"2270",NA,1,NA
"2271",NA,1,NA
"2272",NA,1,NA
"2273",NA,1,NA
"2274",NA,1,NA
"2275",NA,1,NA
"2276",NA,1,NA
"2277",NA,1,NA
"2278",NA,1,NA
"2279",NA,1,NA
"2280",NA,1,NA
"2281",NA,1,NA
"2282",NA,1,NA
"2283",NA,1,NA
"2284",NA,1,NA
"2285",NA,1,NA
"2286",NA,1,NA
"2287",NA,1,NA
"2288",NA,1,NA
"2289",NA,1,NA
"2290",NA,1,NA
"2291",NA,1,NA
"2292",NA,1,NA
"2293",NA,1,NA
"2294",NA,1,NA
"2295",NA,1,NA
"2296",NA,1,NA
"2297",NA,1,NA
"2298",NA,1,NA
"2299",NA,1,NA
"2300",NA,1,NA
"2301",NA,1,NA
"2302",NA,1,NA
"2303",NA,1,NA
"2304",NA,1,NA
"2305",NA,1,NA
"2306",NA,1,NA
"2307",NA,1,NA
"2308",NA,1,NA
"2309",NA,1,NA
"2310",NA,1,NA
"2311",NA,1,NA
"2312",NA,1,NA
"2313",NA,1,NA
"2314",NA,1,NA
"2315",NA,1,NA
"2316",NA,1,NA
"2317",NA,1,NA
"2318",NA,1,NA
"2319",NA,1,NA
"2320",NA,1,NA
"2321",NA,1,NA
"2322",NA,1,NA
"2323",NA,1,NA
"2324",NA,1,NA
"2325",NA,1,NA
"2326",NA,1,NA
"2327",NA,1,NA
"2328",NA,1,NA
"2329",NA,1,NA
"2330",NA,1,NA
"2331",NA,1,NA
"2332",NA,1,NA
"2333",NA,1,NA
"2334",NA,1,NA
"2335",NA,1,NA
"2336",NA,1,NA
"2337",NA,1,NA
"2338",NA,1,NA
"2339",NA,1,NA
"2340",NA,1,NA
"2341",NA,1,NA
"2342",NA,1,NA
"2343",NA,1,NA
"2344",NA,1,NA
"2345",NA,1,NA
"2346",NA,1,NA
"2347",NA,1,NA
"2348",NA,1,NA
"2349",NA,1,NA
"2350",NA,1,NA
"2351",NA,1,NA
"2352",NA,1,NA
"2353",NA,1,NA
"2354",NA,1,NA
"2355",NA,1,NA
"2356",NA,1,NA
"2357",NA,1,NA
"2358",NA,1,NA
"2359",NA,1,NA
"2360",NA,1,NA
"2361",NA,1,NA
"2362",NA,1,NA
"2363",NA,1,NA
"2364",NA,1,NA
"2365",NA,1,NA
"2366",NA,1,NA
"2367",NA,1,NA
"2368",NA,1,NA
"2369",NA,1,NA
"2370",NA,1,NA
"2371",NA,1,NA
"2372",NA,1,NA
"2373",NA,1,NA
"2374",NA,1,NA
"2375",NA,1,NA
"2376",NA,1,NA
"2377",NA,1,NA
"2378",NA,1,NA
"2379",NA,1,NA
"2380",NA,1,NA
"2381",NA,1,NA
"2382",NA,1,NA
"2383",NA,1,NA
"2384",NA,1,NA
"2385",NA,1,NA
"2386",NA,1,NA
"2387",NA,1,NA
"2388",NA,1,NA
"2389",NA,1,NA
"2390",NA,1,NA
"2391",NA,1,NA
"2392",NA,1,NA
"2393",NA,1,NA
"2394",NA,1,NA
"2395",NA,1,NA
"2396",NA,1,NA
"2397",NA,1,NA
"2398",NA,1,NA
"2399",NA,1,NA
"2400",NA,1,NA
"2401",NA,1,NA
"2402",NA,1,NA
"2403",NA,1,NA
"2404",NA,1,NA
"2405",NA,1,NA
"2406",NA,1,NA
"2407",NA,1,NA
"2408",NA,1,NA
"2409",NA,1,NA
"2410",NA,1,NA
"2411",NA,1,NA
"2412",NA,1,NA
"2413",NA,1,NA
"2414",NA,1,NA
"2415",NA,1,NA
"2416",NA,1,NA
"2417",NA,1,NA
"2418",NA,1,NA
"2419",NA,1,NA
"2420",NA,NA,1
"2421",NA,NA,1
"2422",NA,NA,1
"2423",NA,NA,1
